,count,mean,std,min,25%,50%,75%,max,skewness,kurtosis
Daily return,1999.0,0.00061,0.01157,-0.10942,-0.00364,0.00064,0.00599,0.0906,-0.57329,13.33365
